Method,mean_D_total_ms,std_D_total_ms,mean_Substitutions,mean_AvgCompute_ms,mean_AvgTrans_ms
Proposed,9892.556979,598.115491,114.400000,172.474058,39.869407
Random Placement,13036.575355,2621.793172,85.200000,234.593619,56.245468
Importance-based Placement,12565.832152,3327.158318,88.800000,232.244996,46.899161
No-similarity Placement,19107.492705,726.122228,0.000000,394.751473,47.958506
