Method,mean_D_total_ms,std_D_total_ms,mean_Substitutions,mean_AvgCompute_ms,mean_AvgTrans_ms
Proposed,9878.904898,606.893392,114.800000,171.847233,40.154929
Random Placement,13014.932835,2628.789636,85.800000,233.755772,56.542252
Importance-based Placement,12527.744554,3352.779262,89.600000,231.050772,47.143590
No-similarity Placement,19107.492705,726.122228,0.000000,394.751473,47.958506
