{
  "timestamp": "2026-06-18 16:52:53",
  "baseline_names": [
    "AeroMoDE",
    "NoSubstitute",
    "RandomPlacement"
  ],
  "scenarios": [
    {
      "scenario_name": "lambda_0.0",
      "num_uavs": 3,
      "num_experts": 8,
      "num_tasks": 10,
      "bandwidth_mhz": 20.0,
      "baselines": {
        "AeroMoDE": {
          "D_total_ms": 2286.584800121486,
          "D_weighted_ms": 2286.584800121486,
          "D_avg_per_task_ms": 228.65848001214857,
          "D_access_ms": 390.6352791346941,
          "D_compute_ms": 1065.664173204786,
          "D_trans_ms": 828.2323621886251,
          "D_return_ms": 2.0529855933811656,
          "substitution_rate": 0.3333333333333333,
          "n_substituted": 8.0,
          "n_total_steps": 24.0,
          "mem_util_mean": 0.3829588539059044,
          "mem_util_max": 0.5698457845523444,
          "n_uavs_used": 3.0,
          "n_experts_deployed": 8.0,
          "runtime_s": 0.0009079999872483313
        },
        "NoSubstitute": {
          "D_total_ms": 1893.3124037955226,
          "D_weighted_ms": 1893.3124037955226,
          "D_avg_per_task_ms": 189.33124037955227,
          "D_access_ms": 390.6352791346941,
          "D_compute_ms": 1129.5066192446611,
          "D_trans_ms": 371.11751982278594,
          "D_return_ms": 2.0529855933811656,
          "substitution_rate": 0.0,
          "n_substituted": 0.0,
          "n_total_steps": 24.0,
          "mem_util_mean": 0.3829588539059044,
          "mem_util_max": 0.741611658376797,
          "n_uavs_used": 2.0,
          "n_experts_deployed": 8.0,
          "runtime_s": 0.0007489999989047647
        },
        "RandomPlacement": {
          "D_total_ms": 1891.2020989724435,
          "D_weighted_ms": 1891.2020989724435,
          "D_avg_per_task_ms": 189.12020989724437,
          "D_access_ms": 390.6352791346941,
          "D_compute_ms": 1088.1558257316144,
          "D_trans_ms": 410.3580085127538,
          "D_return_ms": 2.0529855933811656,
          "substitution_rate": 0.4166666666666667,
          "n_substituted": 10.0,
          "n_total_steps": 24.0,
          "mem_util_mean": 0.3829588539059044,
          "mem_util_max": 0.43412323764009664,
          "n_uavs_used": 3.0,
          "n_experts_deployed": 8.0,
          "runtime_s": 0.0008511999913025647
        }
      },
      "raw": {}
    },
    {
      "scenario_name": "lambda_0.05",
      "num_uavs": 3,
      "num_experts": 8,
      "num_tasks": 10,
      "bandwidth_mhz": 20.0,
      "baselines": {
        "AeroMoDE": {
          "D_total_ms": 2294.6707131135213,
          "D_weighted_ms": 2294.6707131135213,
          "D_avg_per_task_ms": 229.4670713113521,
          "D_access_ms": 390.6352791346941,
          "D_compute_ms": 1073.7500861968208,
          "D_trans_ms": 828.2323621886251,
          "D_return_ms": 2.0529855933811656,
          "substitution_rate": 0.16666666666666666,
          "n_substituted": 4.0,
          "n_total_steps": 24.0,
          "mem_util_mean": 0.3829588539059044,
          "mem_util_max": 0.5698457845523444,
          "n_uavs_used": 3.0,
          "n_experts_deployed": 8.0,
          "runtime_s": 0.0008015999919734895
        },
        "NoSubstitute": {
          "D_total_ms": 1893.3124037955226,
          "D_weighted_ms": 1893.3124037955226,
          "D_avg_per_task_ms": 189.33124037955227,
          "D_access_ms": 390.6352791346941,
          "D_compute_ms": 1129.5066192446611,
          "D_trans_ms": 371.11751982278594,
          "D_return_ms": 2.0529855933811656,
          "substitution_rate": 0.0,
          "n_substituted": 0.0,
          "n_total_steps": 24.0,
          "mem_util_mean": 0.3829588539059044,
          "mem_util_max": 0.741611658376797,
          "n_uavs_used": 2.0,
          "n_experts_deployed": 8.0,
          "runtime_s": 0.0006886000046506524
        },
        "RandomPlacement": {
          "D_total_ms": 1891.7907944555357,
          "D_weighted_ms": 1891.7907944555357,
          "D_avg_per_task_ms": 189.17907944555355,
          "D_access_ms": 390.6352791346941,
          "D_compute_ms": 1088.7445212147065,
          "D_trans_ms": 410.3580085127538,
          "D_return_ms": 2.0529855933811656,
          "substitution_rate": 0.3333333333333333,
          "n_substituted": 8.0,
          "n_total_steps": 24.0,
          "mem_util_mean": 0.3829588539059044,
          "mem_util_max": 0.43412323764009664,
          "n_uavs_used": 3.0,
          "n_experts_deployed": 8.0,
          "runtime_s": 0.0008608000061940402
        }
      },
      "raw": {}
    },
    {
      "scenario_name": "lambda_0.1",
      "num_uavs": 3,
      "num_experts": 8,
      "num_tasks": 10,
      "bandwidth_mhz": 20.0,
      "baselines": {
        "AeroMoDE": {
          "D_total_ms": 2350.427246161362,
          "D_weighted_ms": 2350.427246161362,
          "D_avg_per_task_ms": 235.04272461613618,
          "D_access_ms": 390.6352791346941,
          "D_compute_ms": 1129.5066192446611,
          "D_trans_ms": 828.2323621886251,
          "D_return_ms": 2.0529855933811656,
          "substitution_rate": 0.0,
          "n_substituted": 0.0,
          "n_total_steps": 24.0,
          "mem_util_mean": 0.3829588539059044,
          "mem_util_max": 0.5698457845523444,
          "n_uavs_used": 3.0,
          "n_experts_deployed": 8.0,
          "runtime_s": 0.0008518999966327101
        },
        "NoSubstitute": {
          "D_total_ms": 1893.3124037955226,
          "D_weighted_ms": 1893.3124037955226,
          "D_avg_per_task_ms": 189.33124037955227,
          "D_access_ms": 390.6352791346941,
          "D_compute_ms": 1129.5066192446611,
          "D_trans_ms": 371.11751982278594,
          "D_return_ms": 2.0529855933811656,
          "substitution_rate": 0.0,
          "n_substituted": 0.0,
          "n_total_steps": 24.0,
          "mem_util_mean": 0.3829588539059044,
          "mem_util_max": 0.741611658376797,
          "n_uavs_used": 2.0,
          "n_experts_deployed": 8.0,
          "runtime_s": 0.000735200010240078
        },
        "RandomPlacement": {
          "D_total_ms": 1980.8566285220882,
          "D_weighted_ms": 1980.8566285220882,
          "D_avg_per_task_ms": 198.0856628522088,
          "D_access_ms": 390.6352791346941,
          "D_compute_ms": 1140.7524455080754,
          "D_trans_ms": 447.415918285937,
          "D_return_ms": 2.0529855933811656,
          "substitution_rate": 0.125,
          "n_substituted": 3.0,
          "n_total_steps": 24.0,
          "mem_util_mean": 0.3829588539059044,
          "mem_util_max": 0.43412323764009664,
          "n_uavs_used": 3.0,
          "n_experts_deployed": 8.0,
          "runtime_s": 0.000831599987577647
        }
      },
      "raw": {}
    },
    {
      "scenario_name": "lambda_0.2",
      "num_uavs": 3,
      "num_experts": 8,
      "num_tasks": 10,
      "bandwidth_mhz": 20.0,
      "baselines": {
        "AeroMoDE": {
          "D_total_ms": 2350.427246161362,
          "D_weighted_ms": 2350.427246161362,
          "D_avg_per_task_ms": 235.04272461613618,
          "D_access_ms": 390.6352791346941,
          "D_compute_ms": 1129.5066192446611,
          "D_trans_ms": 828.2323621886251,
          "D_return_ms": 2.0529855933811656,
          "substitution_rate": 0.0,
          "n_substituted": 0.0,
          "n_total_steps": 24.0,
          "mem_util_mean": 0.3829588539059044,
          "mem_util_max": 0.5698457845523444,
          "n_uavs_used": 3.0,
          "n_experts_deployed": 8.0,
          "runtime_s": 0.0007958999776747078
        },
        "NoSubstitute": {
          "D_total_ms": 1893.3124037955226,
          "D_weighted_ms": 1893.3124037955226,
          "D_avg_per_task_ms": 189.33124037955227,
          "D_access_ms": 390.6352791346941,
          "D_compute_ms": 1129.5066192446611,
          "D_trans_ms": 371.11751982278594,
          "D_return_ms": 2.0529855933811656,
          "substitution_rate": 0.0,
          "n_substituted": 0.0,