{
  "timestamp": "2026-06-18 16:52:53",
  "baseline_names": [
    "AeroMoDE",
    "NoSubstitute",
    "RandomPlacement"
  ],
  "scenarios": [
    {
      "scenario_name": "eta_0.0",
      "num_uavs": 3,
      "num_experts": 8,
      "num_tasks": 10,
      "bandwidth_mhz": 20.0,
      "baselines": {
        "AeroMoDE": {
          "D_total_ms": 2350.427246161362,
          "D_weighted_ms": 2350.427246161362,
          "D_avg_per_task_ms": 235.04272461613618,
          "D_access_ms": 390.6352791346941,
          "D_compute_ms": 1129.5066192446611,
          "D_trans_ms": 828.2323621886251,
          "D_return_ms": 2.0529855933811656,
          "substitution_rate": 0.0,
          "n_substituted": 0.0,
          "n_total_steps": 24.0,
          "mem_util_mean": 0.3829588539059044,
          "mem_util_max": 0.5698457845523444,
          "n_uavs_used": 3.0,
          "n_experts_deployed": 8.0,
          "runtime_s": 0.0009076000133063644
        },
        "NoSubstitute": {
          "D_total_ms": 1893.3124037955226,
          "D_weighted_ms": 1893.3124037955226,
          "D_avg_per_task_ms": 189.33124037955227,
          "D_access_ms": 390.6352791346941,
          "D_compute_ms": 1129.5066192446611,
          "D_trans_ms": 371.11751982278594,
          "D_return_ms": 2.0529855933811656,
          "substitution_rate": 0.0,
          "n_substituted": 0.0,
          "n_total_steps": 24.0,
          "mem_util_mean": 0.3829588539059044,
          "mem_util_max": 0.741611658376797,
          "n_uavs_used": 2.0,
          "n_experts_deployed": 8.0,
          "runtime_s": 0.0007605999999213964
        },
        "RandomPlacement": {
          "D_total_ms": 1980.8566285220882,
          "D_weighted_ms": 1980.8566285220882,
          "D_avg_per_task_ms": 198.0856628522088,
          "D_access_ms": 390.6352791346941,
          "D_compute_ms": 1140.7524455080754,
          "D_trans_ms": 447.415918285937,
          "D_return_ms": 2.0529855933811656,
          "substitution_rate": 0.125,
          "n_substituted": 3.0,
          "n_total_steps": 24.0,
          "mem_util_mean": 0.3829588539059044,
          "mem_util_max": 0.43412323764009664,
          "n_uavs_used": 3.0,
          "n_experts_deployed": 8.0,
          "runtime_s": 0.0008874000050127506
        }
      },
      "raw": {}
    },
    {
      "scenario_name": "eta_0.25",
      "num_uavs": 3,
      "num_experts": 8,
      "num_tasks": 10,
      "bandwidth_mhz": 20.0,
      "baselines": {
        "AeroMoDE": {
          "D_total_ms": 2350.427246161362,
          "D_weighted_ms": 2350.427246161362,
          "D_avg_per_task_ms": 235.04272461613618,
          "D_access_ms": 390.6352791346941,
          "D_compute_ms": 1129.5066192446611,
          "D_trans_ms": 828.2323621886251,
          "D_return_ms": 2.0529855933811656,
          "substitution_rate": 0.0,
          "n_substituted": 0.0,
          "n_total_steps": 24.0,
          "mem_util_mean": 0.3829588539059044,
          "mem_util_max": 0.5698457845523444,
          "n_uavs_used": 3.0,
          "n_experts_deployed": 8.0,
          "runtime_s": 0.0008966000168584287
        },
        "NoSubstitute": {
          "D_total_ms": 1893.3124037955226,
          "D_weighted_ms": 1893.3124037955226,
          "D_avg_per_task_ms": 189.33124037955227,
          "D_access_ms": 390.6352791346941,
          "D_compute_ms": 1129.5066192446611,
          "D_trans_ms": 371.11751982278594,
          "D_return_ms": 2.0529855933811656,
          "substitution_rate": 0.0,
          "n_substituted": 0.0,
          "n_total_steps": 24.0,
          "mem_util_mean": 0.3829588539059044,
          "mem_util_max": 0.741611658376797,
          "n_uavs_used": 2.0,
          "n_experts_deployed": 8.0,
          "runtime_s": 0.0007701000140514225
        },
        "RandomPlacement": {
          "D_total_ms": 1980.8566285220882,
          "D_weighted_ms": 1980.8566285220882,
          "D_avg_per_task_ms": 198.0856628522088,
          "D_access_ms": 390.6352791346941,
          "D_compute_ms": 1140.7524455080754,
          "D_trans_ms": 447.415918285937,
          "D_return_ms": 2.0529855933811656,
          "substitution_rate": 0.125,
          "n_substituted": 3.0,
          "n_total_steps": 24.0,
          "mem_util_mean": 0.3829588539059044,
          "mem_util_max": 0.43412323764009664,
          "n_uavs_used": 3.0,
          "n_experts_deployed": 8.0,
          "runtime_s": 0.0008920000109355897
        }
      },
      "raw": {}
    },
    {
      "scenario_name": "eta_0.5",
      "num_uavs": 3,
      "num_experts": 8,
      "num_tasks": 10,
      "bandwidth_mhz": 20.0,
      "baselines": {
        "AeroMoDE": {
          "D_total_ms": 2350.427246161362,
          "D_weighted_ms": 2350.427246161362,
          "D_avg_per_task_ms": 235.04272461613618,
          "D_access_ms": 390.6352791346941,
          "D_compute_ms": 1129.5066192446611,
          "D_trans_ms": 828.2323621886251,
          "D_return_ms": 2.0529855933811656,
          "substitution_rate": 0.0,
          "n_substituted": 0.0,
          "n_total_steps": 24.0,
          "mem_util_mean": 0.3829588539059044,
          "mem_util_max": 0.5698457845523444,
          "n_uavs_used": 3.0,
          "n_experts_deployed": 8.0,
          "runtime_s": 0.0008626000199001282
        },
        "NoSubstitute": {
          "D_total_ms": 1893.3124037955226,
          "D_weighted_ms": 1893.3124037955226,
          "D_avg_per_task_ms": 189.33124037955227,
          "D_access_ms": 390.6352791346941,
          "D_compute_ms": 1129.5066192446611,
          "D_trans_ms": 371.11751982278594,
          "D_return_ms": 2.0529855933811656,
          "substitution_rate": 0.0,
          "n_substituted": 0.0,
          "n_total_steps": 24.0,
          "mem_util_mean": 0.3829588539059044,
          "mem_util_max": 0.741611658376797,
          "n_uavs_used": 2.0,
          "n_experts_deployed": 8.0,
          "runtime_s": 0.0007394999847747386
        },
        "RandomPlacement": {
          "D_total_ms": 1980.8566285220882,
          "D_weighted_ms": 1980.8566285220882,
          "D_avg_per_task_ms": 198.0856628522088,
          "D_access_ms": 390.6352791346941,
          "D_compute_ms": 1140.7524455080754,
          "D_trans_ms": 447.415918285937,
          "D_return_ms": 2.0529855933811656,
          "substitution_rate": 0.125,
          "n_substituted": 3.0,
          "n_total_steps": 24.0,
          "mem_util_mean": 0.3829588539059044,
          "mem_util_max": 0.43412323764009664,
          "n_uavs_used": 3.0,
          "n_experts_deployed": 8.0,
          "runtime_s": 0.0008923000132199377
        }
      },
      "raw": {}
    },
    {
      "scenario_name": "eta_0.75",
      "num_uavs": 3,
      "num_experts": 8,
      "num_tasks": 10,
      "bandwidth_mhz": 20.0,
      "baselines": {
        "AeroMoDE": {
          "D_total_ms": 2350.427246161362,
          "D_weighted_ms": 2350.427246161362,
          "D_avg_per_task_ms": 235.04272461613618,
          "D_access_ms": 390.6352791346941,
          "D_compute_ms": 1129.5066192446611,
          "D_trans_ms": 828.2323621886251,
          "D_return_ms": 2.0529855933811656,
          "substitution_rate": 0.0,
          "n_substituted": 0.0,
          "n_total_steps": 24.0,
          "mem_util_mean": 0.3829588539059044,
          "mem_util_max": 0.5698457845523444,
          "n_uavs_used": 3.0,
          "n_experts_deployed": 8.0,
          "runtime_s": 0.0008621999877505004
        },
        "NoSubstitute": {
          "D_total_ms": 1893.3124037955226,
          "D_weighted_ms": 1893.3124037955226,
          "D_avg_per_task_ms": 189.33124037955227,
          "D_access_ms": 390.6352791346941,
          "D_compute_ms": 1129.5066192446611,
          "D_trans_ms": 371.11751982278594,
          "D_return_ms": 2.0529855933811656,
          "substitution_rate": 0.0,
          "n_substituted": 0.0,
          "n_total_steps": 24.0,
          "mem_util_mean": 0.3829588539059044,